AR.FreeFlight 2.2 App,
DJI Vision App,
Drone Deploy App,
Ghost Drone App,
Hover No Fly Zone App,
RCFlyMaps,
3D Robotics Tower,
DroidPlanner 3,
FreeFlight 3,
DJI Assistant,
Drone Control US,
DJI Go,
Drone Ace,
Flight Record,
Drone Control Remote,
Rover Wireless Spy Tank, 
Drone Dance,
Target Hunter,
Drone Escape,
Firmware Manager,
ES Pad for AR.Drone,
AR Drone 2 HD,
Drone Cam,
Drone Master,
Emulsio,
Drone Captain,
Battery Flight Timer,
FreeFlight,
ARDrone Sim,
AR.Rescue,
Electric RC Sim,
HELLO TC,
Astro Drone,
ANiAPPCar,
FreeFlightUS,
DronePad,
GoPro App,
Periscope,
ProCam 2,
ProCam,
EOS Remote,
Kit Cam,
Camera Plus Pro,
Play Memories Mobile,
Wireless Mobile Utility,
Stop Motion Studio,
Eye-Fi,
iCam,
android,
iOS,
Apple,