drone,
drones,
uav,
uavs,
unmanned aerial vehicle,
unmanned aerial vehicles,
unmanned air vehicle,
unmanned air vehicles,
unmanned aircraft vehicle,
unmanned aircraft vehicles,
unmanned autonomous vehicle,
unmanned autonomous vehicles,
unmanned airborne vehicle,
unmanned airborne vehicles,
unmanned vehicle,
unmanned vehicles,
upper atmosphere vehicle,
upper atmosphere vehicles,
uas,
unmanned aerial system,
unmanned aerial systems,
unmanned aircraft system,
unmanned aircraft systems,
unmanned air system,
unmanned air systems,
rpv,
rpvs,
remotely piloted vehicle,
remotely piloted vehicles,
remotely piloted aircraft,
remotely piloted system,
remotely piloted systems,
rcma,
remote controlled model airplane,
remote control model airplane

