absorber,
absorbers,
app,
brush motor,
brushless motor,
KV output,
thrust computer,
cable,
clamp,
component,
components,
chassi,
chassis, 
gimbal,
pad,
pads,
platform,
propeller,
propellers,
engine,
engines,
motor,
motors,
servo,
servos,
power,
powers,
powered,
gas,
gasoline,
petrol,
petroleum,
fuel,
fueled,
battery,
batteries,
fuel cell,
fuel cells,
solar,
airframe,
airframes,
quadcopter,
tri,
tricopter,
quad,
octo,
octocopter,
glider,
fixed wing,
fixedwing,
helicopter,
wing,
wings,
control,
controller,
receiver,
transmitter,
remote,
micro-SD,
micro-usb,
micro,
micro-,
landing,
wrench,
video,
FPV,
first person video,
navigation,
