DJI,
parrot,
3DR,
GoPro,
multicopter warehouse,
precisionhawk, 
horizon hobby,
UAV solutions,
PIX4D,
dronedeploy,
3DR,
hobbico,
japan drone,
dronestock,
dronecode,
dronesPlus,
lightware,
micropilot,
GoFly,
xcraft,
flystro,
skyworks,
Multi rotor forums,
rotor drone,
skyward,
smartchutes,
actiondrone,
polar pro,
fatshark,
YUNEEC,
nanuk,
fuertecases,
goengineer,
GPC,
botlink,
FLIR,
lowepro,
stampede,
thunder power,
fathoiv,
FLIR,
AUVSI,
altitude angel,
dedrone,
ICI,
Altus,
consumer priority service,
amimon,
emax,
inforce computing,
avalon risk management,
AEgis,
RPAS Logger Enterprise,
Alta devices,
avsion,
blue chip,
agile,
epson,
IDRA,
intercontinentalIP,
san francisco circuits,
purple platypus,
samy’s camera,
multiGP,
HUINS,
AkinGump,
nextVision,
tetracams,
gowdy brothers aerospace,
cisco,
intel software,
diazreus,
qelzal,
morrison foerster,
cenom,
xact sense, 
zeiss,
minuteman,

