Abu Dhabi,
Abuja,
Accra,
Adamstown,
Addis Ababa,
Algiers,
Alofi,
Amman,
Amsterdam,
Andorra la Vella,
Ankara,
Antananarivo,
Apia,
Ashgabat,
Asmara,
Astana,
Asuncion,
Athens,
Avarua,
Baghdad,
Baku,
Bamako,
Bandar Seri Begawan,
Bangkok,
Bangui,
Banjul,
Basse-Terre,
Basseterre,
Beijing,
Beirut,
Belgrade,
Belmopan,
Berlin,
Bern,
Bishkek,
Bissau,
Bogota,
Brasilia,
Bratislava,
Brazzaville,
Bridgetown,
Brussels,
Bucharest,
Budapest,
Buenos Aires,
Bujumbura,
Cairo,
Canberra,
Caracas,
Castries,
Cayenne,
Charlotte,
Amalie,
Chisinau,
Cockburn Town,
Conakry,
Copenhagen,
Dakar,
Damascus,
Dhaka,
Dili,
Djibouti,
Dodoma,
Doha,
Douglas,
Dublin,
Dushanbe,
East Jerusalem,
Ramallah,
Edinburgh of the Seven Seas,
Laayoune,
Tifariti,
Episkopi Cantonment,
Flying Fish Cove,
Fort-de-France,
Freetown,
Funafuti,
Gaborone,
George Town,
Georgetown,
Gibraltar,
Guatemala City,
Gustavia,
Hagatna,
Hamilton,
Hanga,
Roa,
Hanoi,
Harare,
Hargeisa,
Havana,
Helsinki,
Hong Kong,
Honiara,
Islamabad,
Jakarta,
Jamestown,
Jerusalem,
Juba,
Kabul,
Kampala,
Kathmandu,
Khartoum,
Kiev,
Kigali,
King Edward Point,
Kingston,
Kingstown,
Kinshasa,
Kuala Lumpur,
Putrajaya,
Kuwait City,
Libreville,
Lilongwe,
Lima,
Lisbon,
Ljubljana,
Lome,
London, 
Luanda,
Lusaka,
Luxembourg,
Madrid,
Majuro,
Malabo,
Male,
Mamoudzou,
Managua,
Manama,
Manila,
Maputo,
Marigot,
Maseru,
Mata-Utu,
Mbabane,
Lobamba,
Mexico City,
Minsk,
Mogadishu,
Monaco,
Monrovia,
Montevideo,
Moroni,
Moscow,
Muscat,
Nairobi,
Nassau,
Naypyidaw,
N’Djamena,
New Delhi,
Ngerulmud,
Niamey,
Nicosia,
Nicosia,
Nouakchott,
Noumea,
Nuku’alofa,
Nuuk,
Oranjestad,
Oslo,
Ottawa,
Ouagadougou,
Pago Pago,
Palikir,
Panama City,
Papeete,
Paramaribo,
Paris,
Philipsburg, 
Phnom Penh, 
Plymouth,
Brades Estate, 
Podgorica,
Cetinje,
Port Louis,
Port Moresby,
Port Vila,
Port-au-Prince,
Port of Spain,
Porto-Novo,
Cotonou,
Prague,
Praia,
Pretoria,
Bloemfontein,
Cape Town,
Pristina,
Pyongyang,
Quito,
Rabat,
Reykjavik,
Riga,
Riyadh,
Road Town,
Rome,
Roseau,
Saint-Denis,
Saipan,
San Jose,
San Juan,
San Marino,
San Salvador,
Sana’a,
Santiago,
Santo Domingo,
Sao Tome,
Sarajevo,
Seoul,
Singapore,
Skopje,
Sofia,
Sri Jayawardenepura,
Kotte,
Colombo,
St. George’s,
St. Helier,
St. John’s,
St. Peter Port,
St. Pierre,
Stanley,
Stepanakert,
Stockholm,
Sucre,
La Paz,
Sukhumi,
Suva,
Taipei,
Tallinn,
Tarawa Atoll,
Tashkent,
Tbilisi,
Kutaisi,
Tegucigalpa,
Tehran,
Thimphu,
Tirana,
Tiraspol,
Tokyo,
Torshavn,
Tripoli,
Tskhinvali,
Tunis,
Ulaanbaatar,
Vaduz,
Valletta,
The Valley,
Vatican City,
Victoria,
Vienna,
Vientiane,
Vilnius,
Warsaw,
Washington D.C,
DC,
D.C.,
Wellington, 
West Island,
Willemstad,
Windhoek,
Yamoussoukro,
Abidjan,
Yaounde,
Yaren,
Yerevan,
Zagreb
